<ImportExportXml xmlns:xsi="http://www.w3.org/2001/XMLSchema-instance">
  <Entities></Entities>
  <Roles></Roles>
  <Workflows>
    <Workflow WorkflowId="{8a437955-e5ba-4cf5-84bb-8d7c5b8c2ed9}" Name="Get Tables List">
      <XamlFileName>/Workflows/GetTablesList-8A437955-E5BA-4CF5-84BB-8D7C5B8C2ED9.xaml</XamlFileName>
      <Type>1</Type>
      <Subprocess>0</Subprocess>
      <Category>3</Category>
      <Mode>0</Mode>
      <Scope>4</Scope>
      <OnDemand>1</OnDemand>
      <TriggerOnCreate>0</TriggerOnCreate>
      <TriggerOnDelete>0</TriggerOnDelete>
      <AsyncAutodelete>0</AsyncAutodelete>
      <SyncWorkflowLogOnFailure>1</SyncWorkflowLogOnFailure>
      <StateCode>1</StateCode>
      <StatusCode>2</StatusCode>
      <CreateStage>40</CreateStage>
      <RunAs>1</RunAs>
      <SdkMessageId>{1dcca982-7d52-e611-80e9-00155d05fa01}</SdkMessageId>
      <UniqueName>GetTablesList</UniqueName>
      <IsTransacted>1</IsTransacted>
      <IntroducedVersion>1.0.0.0</IntroducedVersion>
      <IsCustomizable>1</IsCustomizable>
      <PrimaryEntity>none</PrimaryEntity>
    </Workflow>
    <Workflow WorkflowId="{a1a35f6f-c2eb-4d16-9759-c57b32449db1}" Name="Get Table Size">
      <XamlFileName>/Workflows/GetTableSize-A1A35F6F-C2EB-4D16-9759-C57B32449DB1.xaml</XamlFileName>
      <Type>1</Type>
      <Subprocess>0</Subprocess>
      <Category>3</Category>
      <Mode>0</Mode>
      <Scope>4</Scope>
      <OnDemand>1</OnDemand>
      <TriggerOnCreate>0</TriggerOnCreate>
      <TriggerOnDelete>0</TriggerOnDelete>
      <AsyncAutodelete>0</AsyncAutodelete>
      <SyncWorkflowLogOnFailure>1</SyncWorkflowLogOnFailure>
      <StateCode>1</StateCode>
      <StatusCode>2</StatusCode>
      <CreateStage>40</CreateStage>
      <RunAs>1</RunAs>
      <SdkMessageId>{374a312f-7f52-e611-80e9-00155d05fa01}</SdkMessageId>
      <UniqueName>GetTableSize</UniqueName>
      <IsTransacted>1</IsTransacted>
      <IntroducedVersion>1.0.0.0</IntroducedVersion>
      <IsCustomizable>1</IsCustomizable>
      <PrimaryEntity>none</PrimaryEntity>
    </Workflow>
  </Workflows>
  <FieldSecurityProfiles></FieldSecurityProfiles>
  <Templates />
  <EntityMaps />
  <EntityRelationships />
  <OrganizationSettings />
  <optionsets />
  <WebResources>
    <WebResource>
      <WebResourceId>{9857cf41-6a3a-e511-80c6-00155d048d13}</WebResourceId>
      <Name>mag_/js/process.js</Name>
      <DisplayName>/js/process.js</DisplayName>
      <WebResourceType>3</WebResourceType>
      <IntroducedVersion>1.0.0.0</IntroducedVersion>
      <IsEnabledForMobileClient>0</IsEnabledForMobileClient>
      <IsCustomizable>1</IsCustomizable>
      <CanBeDeleted>1</CanBeDeleted>
      <IsHidden>0</IsHidden>
      <FileName>/WebResources/mag_jsprocessjs9857CF41-6A3A-E511-80C6-00155D048D13</FileName>
    </WebResource>
    <WebResource>
      <WebResourceId>{c1f109e6-2053-e611-80e9-00155d05fa01}</WebResourceId>
      <Name>uds_/tablesizecalculator/index.html</Name>
      <DisplayName>Index.html</DisplayName>
      <WebResourceType>1</WebResourceType>
      <IntroducedVersion>1.0.0.0</IntroducedVersion>
      <IsEnabledForMobileClient>0</IsEnabledForMobileClient>
      <IsCustomizable>1</IsCustomizable>
      <CanBeDeleted>1</CanBeDeleted>
      <IsHidden>0</IsHidden>
      <FileName>/WebResources/uds_tablesizecalculatorindexhtmlC1F109E6-2053-E611-80E9-00155D05FA01</FileName>
    </WebResource>
    <WebResource>
      <WebResourceId>{00dd740c-2b53-e611-80e9-00155d05fa01}</WebResourceId>
      <Name>uds_/tablesizecalculator/tableCtrl.js</Name>
      <DisplayName>tableCtrl.js</DisplayName>
      <WebResourceType>3</WebResourceType>
      <IntroducedVersion>1.0.0.0</IntroducedVersion>
      <IsEnabledForMobileClient>0</IsEnabledForMobileClient>
      <IsCustomizable>1</IsCustomizable>
      <CanBeDeleted>1</CanBeDeleted>
      <IsHidden>0</IsHidden>
      <FileName>/WebResources/uds_tablesizecalculatortableCtrljs00DD740C-2B53-E611-80E9-00155D05FA01</FileName>
    </WebResource>
    <WebResource>
      <WebResourceId>{e747e760-3053-e611-80e9-00155d05fa01}</WebResourceId>
      <Name>uds_/tablesizecalculator/vendor.js</Name>
      <DisplayName>vendor.js</DisplayName>
      <WebResourceType>3</WebResourceType>
      <IntroducedVersion>1.0.0.0</IntroducedVersion>
      <IsEnabledForMobileClient>0</IsEnabledForMobileClient>
      <IsCustomizable>1</IsCustomizable>
      <CanBeDeleted>1</CanBeDeleted>
      <IsHidden>0</IsHidden>
      <FileName>/WebResources/uds_tablesizecalculatorvendorjsE747E760-3053-E611-80E9-00155D05FA01</FileName>
    </WebResource>
    <WebResource>
      <WebResourceId>{1d4af643-3953-e611-80e9-00155d05fa01}</WebResourceId>
      <Name>uds_/tablesizecalculator/vendor.min.css</Name>
      <DisplayName>vendor.min.css</DisplayName>
      <WebResourceType>2</WebResourceType>
      <IntroducedVersion>1.0.0.0</IntroducedVersion>
      <IsEnabledForMobileClient>0</IsEnabledForMobileClient>
      <IsCustomizable>1</IsCustomizable>
      <CanBeDeleted>1</CanBeDeleted>
      <IsHidden>0</IsHidden>
      <FileName>/WebResources/uds_tablesizecalculatorvendormincss1D4AF643-3953-E611-80E9-00155D05FA01</FileName>
    </WebResource>
    <WebResource>
      <WebResourceId>{ea3dd48b-4053-e611-80e9-00155d05fa01}</WebResourceId>
      <Name>uds_/tablesizecalculator/style.css</Name>
      <DisplayName>style.css</DisplayName>
      <WebResourceType>2</WebResourceType>
      <IntroducedVersion>1.0.0.0</IntroducedVersion>
      <IsEnabledForMobileClient>0</IsEnabledForMobileClient>
      <IsCustomizable>1</IsCustomizable>
      <CanBeDeleted>1</CanBeDeleted>
      <IsHidden>0</IsHidden>
      <FileName>/WebResources/uds_tablesizecalculatorstylecssEA3DD48B-4053-E611-80E9-00155D05FA01</FileName>
    </WebResource>
    <WebResource>
      <WebResourceId>{a1559494-7253-e611-80e9-00155d05fa01}</WebResourceId>
      <Name>uds_/tablesizecalculator/icon.gif</Name>
      <DisplayName>icon.gif</DisplayName>
      <WebResourceType>7</WebResourceType>
      <IntroducedVersion>1.0.0.0</IntroducedVersion>
      <IsEnabledForMobileClient>0</IsEnabledForMobileClient>
      <IsCustomizable>1</IsCustomizable>
      <CanBeDeleted>1</CanBeDeleted>
      <IsHidden>0</IsHidden>
      <FileName>/WebResources/uds_tablesizecalculatoricongifA1559494-7253-E611-80E9-00155D05FA01</FileName>
    </WebResource>
    <WebResource>
      <WebResourceId>{75890cd8-c953-e611-80e9-00155d05fa01}</WebResourceId>
      <Name>uds_/tablesizecalculator/ngDialog.js</Name>
      <DisplayName>ngDialog.js</DisplayName>
      <WebResourceType>3</WebResourceType>
      <IntroducedVersion>1.0.0.0</IntroducedVersion>
      <IsEnabledForMobileClient>0</IsEnabledForMobileClient>
      <IsCustomizable>1</IsCustomizable>
      <CanBeDeleted>1</CanBeDeleted>
      <IsHidden>0</IsHidden>
      <FileName>/WebResources/uds_tablesizecalculatorngDialogjs75890CD8-C953-E611-80E9-00155D05FA01</FileName>
    </WebResource>
    <WebResource>
      <WebResourceId>{2ca81bf6-cd53-e611-80e9-00155d05fa01}</WebResourceId>
      <Name>uds_/tablesizecalculator/ngDialog.css</Name>
      <DisplayName>ngDialog.css</DisplayName>
      <WebResourceType>2</WebResourceType>
      <IntroducedVersion>1.0.0.0</IntroducedVersion>
      <IsEnabledForMobileClient>0</IsEnabledForMobileClient>
      <IsCustomizable>1</IsCustomizable>
      <CanBeDeleted>1</CanBeDeleted>
      <IsHidden>0</IsHidden>
      <FileName>/WebResources/uds_tablesizecalculatorngDialogcss2CA81BF6-CD53-E611-80E9-00155D05FA01</FileName>
    </WebResource>
    <WebResource>
      <WebResourceId>{d9dea17b-cf53-e611-80e9-00155d05fa01}</WebResourceId>
      <Name>uds_/tablesizecalculator/ngDialogThemeDefault.css</Name>
      <DisplayName>ngDialogThemeDefault.css</DisplayName>
      <WebResourceType>2</WebResourceType>
      <IntroducedVersion>1.0.0.0</IntroducedVersion>
      <IsEnabledForMobileClient>0</IsEnabledForMobileClient>
      <IsCustomizable>1</IsCustomizable>
      <CanBeDeleted>1</CanBeDeleted>
      <IsHidden>0</IsHidden>
      <FileName>/WebResources/uds_tablesizecalculatorngDialogThemeDefaultcssD9DEA17B-CF53-E611-80E9-00155D05FA01</FileName>
    </WebResource>
    <WebResource>
      <WebResourceId>{3bfae344-2a54-e611-80e9-00155d05fa01}</WebResourceId>
      <Name>uds_/tablesizecalculator/uiBootstrapTpls2.0.0.min.js</Name>
      <DisplayName>uiBootstrapTpls2.0.0.min.js</DisplayName>
      <WebResourceType>3</WebResourceType>
      <IntroducedVersion>1.0.0.0</IntroducedVersion>
      <IsEnabledForMobileClient>0</IsEnabledForMobileClient>
      <IsCustomizable>1</IsCustomizable>
      <CanBeDeleted>1</CanBeDeleted>
      <IsHidden>0</IsHidden>
      <FileName>/WebResources/uds_tablesizecalculatoruiBootstrapTpls200minjs3BFAE344-2A54-E611-80E9-00155D05FA01</FileName>
    </WebResource>
    <WebResource>
      <WebResourceId>{78b25def-2a54-e611-80e9-00155d05fa01}</WebResourceId>
      <Name>uds_/tablesizecalculator/angularAnimate.min.js</Name>
      <DisplayName>angularAnimate.min.js</DisplayName>
      <WebResourceType>3</WebResourceType>
      <IntroducedVersion>1.0.0.0</IntroducedVersion>
      <IsEnabledForMobileClient>0</IsEnabledForMobileClient>
      <IsCustomizable>1</IsCustomizable>
      <CanBeDeleted>1</CanBeDeleted>
      <IsHidden>0</IsHidden>
      <FileName>/WebResources/uds_tablesizecalculatorangularAnimateminjs78B25DEF-2A54-E611-80E9-00155D05FA01</FileName>
    </WebResource>
  </WebResources>
  <SolutionPluginAssemblies>
    <PluginAssembly FullName="UDS.OnlineCRMSizeEstimator, Version=1.0.0.0, Culture=neutral, PublicKeyToken=c9cde4d1864b80eb" CustomizationLevel="1">
      <IsolationMode>2</IsolationMode>
      <SourceType>0</SourceType>
      <IntroducedVersion>1.0</IntroducedVersion>
      <FileName>/PluginAssemblies/UDSOnlineCRMSizeEstimator-E8724B22-04D2-4331-8066-3136A2AFCB5D/UDSOnlineCRMSizeEstimator.dll</FileName>
      <PluginTypes>
        <PluginType AssemblyQualifiedName="UDS.OnlineCRMSizeEstimator.GetTableSize, UDS.OnlineCRMSizeEstimator, Version=1.0.0.0, Culture=neutral, PublicKeyToken=c9cde4d1864b80eb" Name="UDS.OnlineCRMSizeEstimator.GetTableSize">
          <FriendlyName>209fd7f9-35fc-430f-9a19-5585f57d52a3</FriendlyName>
        </PluginType>
        <PluginType AssemblyQualifiedName="UDS.OnlineCRMSizeEstimator.GetTablesList, UDS.OnlineCRMSizeEstimator, Version=1.0.0.0, Culture=neutral, PublicKeyToken=c9cde4d1864b80eb" Name="UDS.OnlineCRMSizeEstimator.GetTablesList">
          <FriendlyName>6db68a3f-5377-4ec6-a5ba-cff785c64dbc</FriendlyName>
        </PluginType>
      </PluginTypes>
    </PluginAssembly>
  </SolutionPluginAssemblies>
  <SdkMessageProcessingSteps>
    <SdkMessageProcessingStep Name="UDS.OnlineCRMSizeEstimator.GetTableSize: uds_GetTableSize of any Entity" SdkMessageProcessingStepId="{a2938ef5-8e52-e611-80e9-00155d05fa01}">
      <PluginTypeName>UDS.OnlineCRMSizeEstimator.GetTableSize, UDS.OnlineCRMSizeEstimator, Version=1.0.0.0, Culture=neutral, PublicKeyToken=c9cde4d1864b80eb</PluginTypeName>
      <AsyncAutoDelete>0</AsyncAutoDelete>
      <Description>UDS.OnlineCRMSizeEstimator.GetTableSize: uds_GetTableSize of any Entity</Description>
      <FilteringAttributes></FilteringAttributes>
      <InvocationSource>0</InvocationSource>
      <Mode>0</Mode>
      <Rank>1</Rank>
      <SdkMessageId>{374a312f-7f52-e611-80e9-00155d05fa01}</SdkMessageId>
      <EventHandlerTypeCode>4602</EventHandlerTypeCode>
      <Stage>40</Stage>
      <IsCustomizable>1</IsCustomizable>
      <IsHidden>0</IsHidden>
      <SupportedDeployment>0</SupportedDeployment>
      <IntroducedVersion>1.0</IntroducedVersion>
      <SdkMessageProcessingStepImages />
    </SdkMessageProcessingStep>
    <SdkMessageProcessingStep Name="UDS.OnlineCRMSizeEstimator.GetTablesList: uds_GetTablesList of any Entity" SdkMessageProcessingStepId="{c54f5e66-8952-e611-80e9-00155d05fa01}">
      <PluginTypeName>UDS.OnlineCRMSizeEstimator.GetTablesList, UDS.OnlineCRMSizeEstimator, Version=1.0.0.0, Culture=neutral, PublicKeyToken=c9cde4d1864b80eb</PluginTypeName>
      <AsyncAutoDelete>0</AsyncAutoDelete>
      <Description>UDS.OnlineCRMSizeEstimator.GetTablesList: uds_GetTablesList of any Entity</Description>
      <FilteringAttributes></FilteringAttributes>
      <InvocationSource>0</InvocationSource>
      <Mode>0</Mode>
      <Rank>1</Rank>
      <SdkMessageId>{1dcca982-7d52-e611-80e9-00155d05fa01}</SdkMessageId>
      <EventHandlerTypeCode>4602</EventHandlerTypeCode>
      <Stage>40</Stage>
      <IsCustomizable>1</IsCustomizable>
      <IsHidden>0</IsHidden>
      <SupportedDeployment>0</SupportedDeployment>
      <IntroducedVersion>1.0</IntroducedVersion>
      <SdkMessageProcessingStepImages />
    </SdkMessageProcessingStep>
  </SdkMessageProcessingSteps>
  <Languages>
    <Language>1033</Language>
  </Languages>
</ImportExportXml>