<ImportExportXml version="8.2.0005.0004" SolutionPackageVersion="8.0" languagecode="1033" generatedBy="OnPremise" xmlns:xsi="http://www.w3.org/2001/XMLSchema-instance">
  <SolutionManifest>
    <UniqueName>CRMOnlineStorageAnalyzer</UniqueName>
    <LocalizedNames>
      <LocalizedName description="CRM Online Storage Analyzer" languagecode="1033" />
    </LocalizedNames>
    <Descriptions />
    <Version>1.0.1.1</Version>
    <Managed>0</Managed>
    <ConfigurationPage>uds_/tablesizecalculator/index.html</ConfigurationPage>
    <Publisher>
      <UniqueName>UDSConsulting</UniqueName>
      <LocalizedNames>
        <LocalizedName description="UDS Consulting" languagecode="1033" />
      </LocalizedNames>
      <Descriptions>
        <Description description="UDS Consulting is Silver Microsoft Partner IT has locations in Ukraine (the main office), Scotland and Russia. With more than 9 years of experience in professional implementation and development of largescale enterprise systems based on Microsoft Dynamics CRM, UDS Consulting Company has implemented over 50 projects for different customers in Europe and CIS countries and experience with database integration, import/export data in MS CRM, etc.&#xA;We build up a team with a vast experience in application implementation and adaptation to the needs of a variety of companies of different business scale and business areas, which enables us to offer our customers the best possible solutions and provide a high level of services. &#xA;Our specialists are constantly improving their knowledge and skills, which is confirmed by the respective Microsoft certificates. &#xA;Practical experience in implementation of the complex projects makes us one of the strongest technical teams in the area of Microsoft Dynamics CRM implementation and support confirmed by our customer references." languagecode="1033" />
      </Descriptions>
      <EMailAddress>info@uds.systems</EMailAddress>
      <SupportingWebsiteUrl>http://uds.systems/</SupportingWebsiteUrl>
      <CustomizationPrefix>uds</CustomizationPrefix>
      <CustomizationOptionValuePrefix>10000</CustomizationOptionValuePrefix>
      <Addresses>
        <Address>
          <AddressNumber>1</AddressNumber>
          <AddressTypeCode>1</AddressTypeCode>
          <City>Kyiv</City>
          <County xsi:nil="true"></County>
          <Country>Ukraine</Country>
          <Fax xsi:nil="true"></Fax>
          <FreightTermsCode xsi:nil="true"></FreightTermsCode>
          <ImportSequenceNumber xsi:nil="true"></ImportSequenceNumber>
          <Latitude xsi:nil="true"></Latitude>
          <Line1>Krasnogvardeyskaya st., 12, off. 177</Line1>
          <Line2 xsi:nil="true"></Line2>
          <Line3 xsi:nil="true"></Line3>
          <Longitude xsi:nil="true"></Longitude>
          <Name xsi:nil="true"></Name>
          <PostalCode>02094</PostalCode>
          <PostOfficeBox xsi:nil="true"></PostOfficeBox>
          <PrimaryContactName xsi:nil="true"></PrimaryContactName>
          <ShippingMethodCode>1</ShippingMethodCode>
          <StateOrProvince xsi:nil="true"></StateOrProvince>
          <Telephone1>+380443610738</Telephone1>
          <Telephone2 xsi:nil="true"></Telephone2>
          <Telephone3 xsi:nil="true"></Telephone3>
          <TimeZoneRuleVersionNumber xsi:nil="true"></TimeZoneRuleVersionNumber>
          <UPSZone xsi:nil="true"></UPSZone>
          <UTCOffset xsi:nil="true"></UTCOffset>
          <UTCConversionTimeZoneCode xsi:nil="true"></UTCConversionTimeZoneCode>
        </Address>
        <Address>
          <AddressNumber>2</AddressNumber>
          <AddressTypeCode>1</AddressTypeCode>
          <City xsi:nil="true"></City>
          <County xsi:nil="true"></County>
          <Country xsi:nil="true"></Country>
          <Fax xsi:nil="true"></Fax>
          <FreightTermsCode xsi:nil="true"></FreightTermsCode>
          <ImportSequenceNumber xsi:nil="true"></ImportSequenceNumber>
          <Latitude xsi:nil="true"></Latitude>
          <Line1 xsi:nil="true"></Line1>
          <Line2 xsi:nil="true"></Line2>
          <Line3 xsi:nil="true"></Line3>
          <Longitude xsi:nil="true"></Longitude>
          <Name xsi:nil="true"></Name>
          <PostalCode xsi:nil="true"></PostalCode>
          <PostOfficeBox xsi:nil="true"></PostOfficeBox>
          <PrimaryContactName xsi:nil="true"></PrimaryContactName>
          <ShippingMethodCode>1</ShippingMethodCode>
          <StateOrProvince xsi:nil="true"></StateOrProvince>
          <Telephone1 xsi:nil="true"></Telephone1>
          <Telephone2 xsi:nil="true"></Telephone2>
          <Telephone3 xsi:nil="true"></Telephone3>
          <TimeZoneRuleVersionNumber xsi:nil="true"></TimeZoneRuleVersionNumber>
          <UPSZone xsi:nil="true"></UPSZone>
          <UTCOffset xsi:nil="true"></UTCOffset>
          <UTCConversionTimeZoneCode xsi:nil="true"></UTCConversionTimeZoneCode>
        </Address>
      </Addresses>
    </Publisher>
    <RootComponents>
      <RootComponent type="29" id="{8a437955-e5ba-4cf5-84bb-8d7c5b8c2ed9}" behavior="0" />
      <RootComponent type="29" id="{a1a35f6f-c2eb-4d16-9759-c57b32449db1}" behavior="0" />
      <RootComponent type="61" schemaName="mag_/js/process.js" behavior="0" />
      <RootComponent type="61" schemaName="uds_/tablesizecalculator/angularAnimate.min.js" behavior="0" />
      <RootComponent type="61" schemaName="uds_/tablesizecalculator/icon.gif" behavior="0" />
      <RootComponent type="61" schemaName="uds_/tablesizecalculator/index.html" behavior="0" />
      <RootComponent type="61" schemaName="uds_/tablesizecalculator/ngDialog.css" behavior="0" />
      <RootComponent type="61" schemaName="uds_/tablesizecalculator/ngDialog.js" behavior="0" />
      <RootComponent type="61" schemaName="uds_/tablesizecalculator/ngDialogThemeDefault.css" behavior="0" />
      <RootComponent type="61" schemaName="uds_/tablesizecalculator/style.css" behavior="0" />
      <RootComponent type="61" schemaName="uds_/tablesizecalculator/tableCtrl.js" behavior="0" />
      <RootComponent type="61" schemaName="uds_/tablesizecalculator/uiBootstrapTpls2.0.0.min.js" behavior="0" />
      <RootComponent type="61" schemaName="uds_/tablesizecalculator/vendor.js" behavior="0" />
      <RootComponent type="61" schemaName="uds_/tablesizecalculator/vendor.min.css" behavior="0" />
      <RootComponent type="91" schemaName="UDS.OnlineCRMSizeEstimator, Version=1.0.0.0, Culture=neutral, PublicKeyToken=c9cde4d1864b80eb" behavior="0" />
      <RootComponent type="92" id="{a2938ef5-8e52-e611-80e9-00155d05fa01}" behavior="0" />
      <RootComponent type="92" id="{c54f5e66-8952-e611-80e9-00155d05fa01}" behavior="0" />
    </RootComponents>
    <MissingDependencies />
  </SolutionManifest>
</ImportExportXml>