<ImportExportXml xmlns:xsi="http://www.w3.org/2001/XMLSchema-instance">
  <Entities></Entities>
  <Roles></Roles>
  <Workflows>
    <Workflow WorkflowId="{ad6d14d8-80ce-472d-aa3b-b665d08bcb40}" Name="Migration Calculator - Get Entities List">
      <XamlFileName>/Workflows/MigrationCalculator-GetEntitiesList-AD6D14D8-80CE-472D-AA3B-B665D08BCB40.xaml</XamlFileName>
      <Type>1</Type>
      <Subprocess>0</Subprocess>
      <Category>3</Category>
      <Mode>0</Mode>
      <Scope>4</Scope>
      <OnDemand>1</OnDemand>
      <TriggerOnCreate>0</TriggerOnCreate>
      <TriggerOnDelete>0</TriggerOnDelete>
      <AsyncAutodelete>0</AsyncAutodelete>
      <SyncWorkflowLogOnFailure>1</SyncWorkflowLogOnFailure>
      <StateCode>1</StateCode>
      <StatusCode>2</StatusCode>
      <CreateStage>40</CreateStage>
      <RunAs>1</RunAs>
      <SdkMessageId>{383b2ca4-40ec-e911-8154-00155d05fa06}</SdkMessageId>
      <UniqueName>MigrationCalculatorGetEntitiesList</UniqueName>
      <IsTransacted>1</IsTransacted>
      <IntroducedVersion>1.0.0.0</IntroducedVersion>
      <IsCustomizable>1</IsCustomizable>
      <PrimaryEntity>none</PrimaryEntity>
    </Workflow>
    <Workflow WorkflowId="{3540e62d-cb36-42bb-9b43-15485bfba57d}" Name="Migration Calculator - Get Entity Data Size">
      <XamlFileName>/Workflows/MigrationCalculator-GetEntityDataSize-3540E62D-CB36-42BB-9B43-15485BFBA57D.xaml</XamlFileName>
      <Type>1</Type>
      <Subprocess>0</Subprocess>
      <Category>3</Category>
      <Mode>0</Mode>
      <Scope>4</Scope>
      <OnDemand>1</OnDemand>
      <TriggerOnCreate>0</TriggerOnCreate>
      <TriggerOnDelete>0</TriggerOnDelete>
      <AsyncAutodelete>0</AsyncAutodelete>
      <SyncWorkflowLogOnFailure>1</SyncWorkflowLogOnFailure>
      <StateCode>1</StateCode>
      <StatusCode>2</StatusCode>
      <CreateStage>40</CreateStage>
      <RunAs>1</RunAs>
      <SdkMessageId>{90b3a5ea-40ec-e911-8154-00155d05fa06}</SdkMessageId>
      <UniqueName>MigrationCalculatorGetEntityDataSize</UniqueName>
      <IsTransacted>1</IsTransacted>
      <IntroducedVersion>1.0.0.0</IntroducedVersion>
      <IsCustomizable>1</IsCustomizable>
      <PrimaryEntity>none</PrimaryEntity>
    </Workflow>
    <Workflow WorkflowId="{ab7f62b5-47b0-4c00-9b87-12ac0e340574}" Name="Migration Calculator - Get Entity Records Amount">
      <XamlFileName>/Workflows/MigrationCalculator-GetEntityRecordsAmount-AB7F62B5-47B0-4C00-9B87-12AC0E340574.xaml</XamlFileName>
      <Type>1</Type>
      <Subprocess>0</Subprocess>
      <Category>3</Category>
      <Mode>0</Mode>
      <Scope>4</Scope>
      <OnDemand>1</OnDemand>
      <TriggerOnCreate>0</TriggerOnCreate>
      <TriggerOnDelete>0</TriggerOnDelete>
      <AsyncAutodelete>0</AsyncAutodelete>
      <SyncWorkflowLogOnFailure>1</SyncWorkflowLogOnFailure>
      <StateCode>1</StateCode>
      <StatusCode>2</StatusCode>
      <CreateStage>40</CreateStage>
      <RunAs>1</RunAs>
      <SdkMessageId>{e6584548-41ec-e911-8154-00155d05fa06}</SdkMessageId>
      <UniqueName>MigrationCalculatorGetEntityRecordsAmount</UniqueName>
      <IsTransacted>1</IsTransacted>
      <IntroducedVersion>1.0.0.0</IntroducedVersion>
      <IsCustomizable>1</IsCustomizable>
      <PrimaryEntity>none</PrimaryEntity>
    </Workflow>
    <Workflow WorkflowId="{eed8ecf6-4d33-40ba-a0b1-45a35882316e}" Name="Migration Calculator - Get Metadata">
      <XamlFileName>/Workflows/MigrationCalculator-GetMetadata-EED8ECF6-4D33-40BA-A0B1-45A35882316E.xaml</XamlFileName>
      <Type>1</Type>
      <Subprocess>0</Subprocess>
      <Category>3</Category>
      <Mode>0</Mode>
      <Scope>4</Scope>
      <OnDemand>1</OnDemand>
      <TriggerOnCreate>0</TriggerOnCreate>
      <TriggerOnDelete>0</TriggerOnDelete>
      <AsyncAutodelete>0</AsyncAutodelete>
      <SyncWorkflowLogOnFailure>1</SyncWorkflowLogOnFailure>
      <StateCode>1</StateCode>
      <StatusCode>2</StatusCode>
      <CreateStage>40</CreateStage>
      <RunAs>1</RunAs>
      <SdkMessageId>{d140a3ab-84ee-e911-8154-00155d05fa06}</SdkMessageId>
      <UniqueName>MigrationCalculatorGetMetadata</UniqueName>
      <IsTransacted>1</IsTransacted>
      <IntroducedVersion>1.0.0.0</IntroducedVersion>
      <IsCustomizable>1</IsCustomizable>
      <PrimaryEntity>none</PrimaryEntity>
    </Workflow>
  </Workflows>
  <FieldSecurityProfiles></FieldSecurityProfiles>
  <Templates />
  <EntityMaps />
  <EntityRelationships />
  <OrganizationSettings />
  <optionsets />
  <WebResources>
    <WebResource>
      <WebResourceId>{33d6b31d-40ec-e911-8154-00155d05fa06}</WebResourceId>
      <Name>uds_/MigrationCalculator/MigrationCalculator.css</Name>
      <DisplayName>MigrationCalculator.css</DisplayName>
      <WebResourceType>2</WebResourceType>
      <IntroducedVersion>1.0.0.0</IntroducedVersion>
      <IsCustomizable>1</IsCustomizable>
      <CanBeDeleted>1</CanBeDeleted>
      <IsHidden>0</IsHidden>
      <FileName>/WebResources/uds_MigrationCalculatorMigrationCalculatorcss33D6B31D-40EC-E911-8154-00155D05FA06</FileName>
    </WebResource>
    <WebResource>
      <WebResourceId>{a75f3f3a-40ec-e911-8154-00155d05fa06}</WebResourceId>
      <Name>uds_/MigrationCalculator/MigrationCalculator.html</Name>
      <DisplayName>MigrationCalculator.html</DisplayName>
      <WebResourceType>1</WebResourceType>
      <IntroducedVersion>1.0.0.0</IntroducedVersion>
      <IsCustomizable>1</IsCustomizable>
      <CanBeDeleted>1</CanBeDeleted>
      <IsHidden>0</IsHidden>
      <FileName>/WebResources/uds_MigrationCalculatorMigrationCalculatorhtmlA75F3F3A-40EC-E911-8154-00155D05FA06</FileName>
    </WebResource>
    <WebResource>
      <WebResourceId>{0e65be57-40ec-e911-8154-00155d05fa06}</WebResourceId>
      <Name>uds_/MigrationCalculator/MigrationCalculator.js</Name>
      <DisplayName>MigrationCalculator.js</DisplayName>
      <WebResourceType>3</WebResourceType>
      <IntroducedVersion>1.0.0.0</IntroducedVersion>
      <IsCustomizable>1</IsCustomizable>
      <CanBeDeleted>1</CanBeDeleted>
      <IsHidden>0</IsHidden>
      <FileName>/WebResources/uds_MigrationCalculatorMigrationCalculatorjs0E65BE57-40EC-E911-8154-00155D05FA06</FileName>
    </WebResource>
    <WebResource>
      <WebResourceId>{0b83f17c-40ec-e911-8154-00155d05fa06}</WebResourceId>
      <Name>uds_/MigrationCalculator/logo.png</Name>
      <DisplayName>logo.png</DisplayName>
      <WebResourceType>5</WebResourceType>
      <IntroducedVersion>1.0.0.0</IntroducedVersion>
      <IsCustomizable>1</IsCustomizable>
      <CanBeDeleted>1</CanBeDeleted>
      <IsHidden>0</IsHidden>
      <FileName>/WebResources/uds_MigrationCalculatorlogopng0B83F17C-40EC-E911-8154-00155D05FA06</FileName>
    </WebResource>
  </WebResources>
  <SolutionPluginAssemblies>
    <PluginAssembly FullName="UDS.MigrationCalculator, Version=1.0.0.0, Culture=neutral, PublicKeyToken=d0316fbad64e73f2" CustomizationLevel="1">
      <IsolationMode>2</IsolationMode>
      <SourceType>0</SourceType>
      <IntroducedVersion>1.0</IntroducedVersion>
      <FileName>/PluginAssemblies/UDSMigrationCalculator-762F6F62-6995-4FA6-A38F-1DBECD1FE7EF/UDSMigrationCalculator.dll</FileName>
      <PluginTypes>
        <PluginType AssemblyQualifiedName="UDS.MigrationCalculator.Actions.GetEntitiesList, UDS.MigrationCalculator, Version=1.0.0.0, Culture=neutral, PublicKeyToken=d0316fbad64e73f2" Name="UDS.MigrationCalculator.Actions.GetEntitiesList">
          <FriendlyName>51546b8a-f7c3-4be0-aeae-1f2e464751ae</FriendlyName>
        </PluginType>
        <PluginType AssemblyQualifiedName="UDS.MigrationCalculator.Actions.GetEntityDataSize, UDS.MigrationCalculator, Version=1.0.0.0, Culture=neutral, PublicKeyToken=d0316fbad64e73f2" Name="UDS.MigrationCalculator.Actions.GetEntityDataSize">
          <FriendlyName>1fc7ba63-33a0-49de-bf67-d51a61954e6f</FriendlyName>
        </PluginType>
        <PluginType AssemblyQualifiedName="UDS.MigrationCalculator.Actions.GetEntityRecordsAmount, UDS.MigrationCalculator, Version=1.0.0.0, Culture=neutral, PublicKeyToken=d0316fbad64e73f2" Name="UDS.MigrationCalculator.Actions.GetEntityRecordsAmount">
          <FriendlyName>438b4793-fb4f-4c32-a2c7-8928771c2799</FriendlyName>
        </PluginType>
        <PluginType AssemblyQualifiedName="UDS.MigrationCalculator.Actions.GetMetadataForCalculation, UDS.MigrationCalculator, Version=1.0.0.0, Culture=neutral, PublicKeyToken=d0316fbad64e73f2" Name="UDS.MigrationCalculator.Actions.GetMetadataForCalculation">
          <FriendlyName>ac351f7f-0115-4d9a-9e65-3dd629c3cf86</FriendlyName>
        </PluginType>
      </PluginTypes>
    </PluginAssembly>
  </SolutionPluginAssemblies>
  <SdkMessageProcessingSteps>
    <SdkMessageProcessingStep Name="UDS.MigrationCalculator.Actions.GetEntitiesList: uds_MigrationCalculatorGetEntitiesList of  any Entity" SdkMessageProcessingStepId="{b98a63fd-41ec-e911-8154-00155d05fa06}">
      <PluginTypeName>UDS.MigrationCalculator.Actions.GetEntitiesList, UDS.MigrationCalculator, Version=1.0.0.0, Culture=neutral, PublicKeyToken=d0316fbad64e73f2</PluginTypeName>
      <AsyncAutoDelete>0</AsyncAutoDelete>
      <InvocationSource>0</InvocationSource>
      <Mode>0</Mode>
      <Rank>1</Rank>
      <SdkMessageId>{383b2ca4-40ec-e911-8154-00155d05fa06}</SdkMessageId>
      <EventHandlerTypeCode>4602</EventHandlerTypeCode>
      <Stage>40</Stage>
      <IsCustomizable>1</IsCustomizable>
      <IsHidden>0</IsHidden>
      <SupportedDeployment>0</SupportedDeployment>
      <IntroducedVersion>1.0</IntroducedVersion>
      <SdkMessageProcessingStepImages />
    </SdkMessageProcessingStep>
    <SdkMessageProcessingStep Name="UDS.MigrationCalculator.Actions.GetEntityDataSize: uds_MigrationCalculatorGetEntityDataSize of  any Entity" SdkMessageProcessingStepId="{947e4304-42ec-e911-8154-00155d05fa06}">
      <PluginTypeName>UDS.MigrationCalculator.Actions.GetEntityDataSize, UDS.MigrationCalculator, Version=1.0.0.0, Culture=neutral, PublicKeyToken=d0316fbad64e73f2</PluginTypeName>
      <AsyncAutoDelete>0</AsyncAutoDelete>
      <InvocationSource>0</InvocationSource>
      <Mode>0</Mode>
      <Rank>1</Rank>
      <SdkMessageId>{90b3a5ea-40ec-e911-8154-00155d05fa06}</SdkMessageId>
      <EventHandlerTypeCode>4602</EventHandlerTypeCode>
      <Stage>40</Stage>
      <IsCustomizable>1</IsCustomizable>
      <IsHidden>0</IsHidden>
      <SupportedDeployment>0</SupportedDeployment>
      <IntroducedVersion>1.0</IntroducedVersion>
      <SdkMessageProcessingStepImages />
    </SdkMessageProcessingStep>
    <SdkMessageProcessingStep Name="UDS.MigrationCalculator.Actions.GetEntityRecordsAmount: uds_MigrationCalculatorGetEntityRecordsAmount of  any Entity" SdkMessageProcessingStepId="{be539f0a-42ec-e911-8154-00155d05fa06}">
      <PluginTypeName>UDS.MigrationCalculator.Actions.GetEntityRecordsAmount, UDS.MigrationCalculator, Version=1.0.0.0, Culture=neutral, PublicKeyToken=d0316fbad64e73f2</PluginTypeName>
      <AsyncAutoDelete>0</AsyncAutoDelete>
      <InvocationSource>0</InvocationSource>
      <Mode>0</Mode>
      <Rank>1</Rank>
      <SdkMessageId>{e6584548-41ec-e911-8154-00155d05fa06}</SdkMessageId>
      <EventHandlerTypeCode>4602</EventHandlerTypeCode>
      <Stage>40</Stage>
      <IsCustomizable>1</IsCustomizable>
      <IsHidden>0</IsHidden>
      <SupportedDeployment>0</SupportedDeployment>
      <IntroducedVersion>1.0</IntroducedVersion>
      <SdkMessageProcessingStepImages />
    </SdkMessageProcessingStep>
    <SdkMessageProcessingStep Name="UDS.MigrationCalculator.Actions.GetMetadataForCalculation: uds_MigrationCalculatorGetMetadata of  any Entity" SdkMessageProcessingStepId="{c77de0f1-86ee-e911-8154-00155d05fa06}">
      <PluginTypeName>UDS.MigrationCalculator.Actions.GetMetadataForCalculation, UDS.MigrationCalculator, Version=1.0.0.0, Culture=neutral, PublicKeyToken=d0316fbad64e73f2</PluginTypeName>
      <AsyncAutoDelete>0</AsyncAutoDelete>
      <InvocationSource>0</InvocationSource>
      <Mode>0</Mode>
      <Rank>1</Rank>
      <SdkMessageId>{d140a3ab-84ee-e911-8154-00155d05fa06}</SdkMessageId>
      <EventHandlerTypeCode>4602</EventHandlerTypeCode>
      <Stage>40</Stage>
      <IsCustomizable>1</IsCustomizable>
      <IsHidden>0</IsHidden>
      <SupportedDeployment>0</SupportedDeployment>
      <IntroducedVersion>1.0</IntroducedVersion>
      <SdkMessageProcessingStepImages />
    </SdkMessageProcessingStep>
  </SdkMessageProcessingSteps>
  <Languages>
    <Language>1033</Language>
  </Languages>
</ImportExportXml>