<ImportExportXml version="6.1.0004.0145" SolutionPackageVersion="6.1" languagecode="1033" generatedBy="OnPremise" xmlns:xsi="http://www.w3.org/2001/XMLSchema-instance">
  <SolutionManifest>
    <UniqueName>UDSMigrationCalculator</UniqueName>
    <LocalizedNames>
      <LocalizedName description="UDSMigrationCalculator" languagecode="1033" />
    </LocalizedNames>
    <Descriptions />
    <Version>1.0.0.0</Version>
    <Managed>0</Managed>
    <ConfigurationPage>uds_/MigrationCalculator/MigrationCalculator.html</ConfigurationPage>
    <Publisher>
      <UniqueName>UDS</UniqueName>
      <LocalizedNames>
        <LocalizedName description="UDS" languagecode="1033" />
      </LocalizedNames>
      <Descriptions />
      <EMailAddress xsi:nil="true"></EMailAddress>
      <SupportingWebsiteUrl xsi:nil="true"></SupportingWebsiteUrl>
      <CustomizationPrefix>uds</CustomizationPrefix>
      <CustomizationOptionValuePrefix>75256</CustomizationOptionValuePrefix>
      <Addresses>
        <Address>
          <AddressNumber>1</AddressNumber>
          <AddressTypeCode>1</AddressTypeCode>
          <City xsi:nil="true"></City>
          <County xsi:nil="true"></County>
          <Country xsi:nil="true"></Country>
          <Fax xsi:nil="true"></Fax>
          <FreightTermsCode xsi:nil="true"></FreightTermsCode>
          <ImportSequenceNumber xsi:nil="true"></ImportSequenceNumber>
          <Latitude xsi:nil="true"></Latitude>
          <Line1 xsi:nil="true"></Line1>
          <Line2 xsi:nil="true"></Line2>
          <Line3 xsi:nil="true"></Line3>
          <Longitude xsi:nil="true"></Longitude>
          <Name xsi:nil="true"></Name>
          <PostalCode xsi:nil="true"></PostalCode>
          <PostOfficeBox xsi:nil="true"></PostOfficeBox>
          <PrimaryContactName xsi:nil="true"></PrimaryContactName>
          <ShippingMethodCode>1</ShippingMethodCode>
          <StateOrProvince xsi:nil="true"></StateOrProvince>
          <Telephone1 xsi:nil="true"></Telephone1>
          <Telephone2 xsi:nil="true"></Telephone2>
          <Telephone3 xsi:nil="true"></Telephone3>
          <TimeZoneRuleVersionNumber xsi:nil="true"></TimeZoneRuleVersionNumber>
          <UPSZone xsi:nil="true"></UPSZone>
          <UTCOffset xsi:nil="true"></UTCOffset>
          <UTCConversionTimeZoneCode xsi:nil="true"></UTCConversionTimeZoneCode>
        </Address>
        <Address>
          <AddressNumber>2</AddressNumber>
          <AddressTypeCode>1</AddressTypeCode>
          <City xsi:nil="true"></City>
          <County xsi:nil="true"></County>
          <Country xsi:nil="true"></Country>
          <Fax xsi:nil="true"></Fax>
          <FreightTermsCode xsi:nil="true"></FreightTermsCode>
          <ImportSequenceNumber xsi:nil="true"></ImportSequenceNumber>
          <Latitude xsi:nil="true"></Latitude>
          <Line1 xsi:nil="true"></Line1>
          <Line2 xsi:nil="true"></Line2>
          <Line3 xsi:nil="true"></Line3>
          <Longitude xsi:nil="true"></Longitude>
          <Name xsi:nil="true"></Name>
          <PostalCode xsi:nil="true"></PostalCode>
          <PostOfficeBox xsi:nil="true"></PostOfficeBox>
          <PrimaryContactName xsi:nil="true"></PrimaryContactName>
          <ShippingMethodCode>1</ShippingMethodCode>
          <StateOrProvince xsi:nil="true"></StateOrProvince>
          <Telephone1 xsi:nil="true"></Telephone1>
          <Telephone2 xsi:nil="true"></Telephone2>
          <Telephone3 xsi:nil="true"></Telephone3>
          <TimeZoneRuleVersionNumber xsi:nil="true"></TimeZoneRuleVersionNumber>
          <UPSZone xsi:nil="true"></UPSZone>
          <UTCOffset xsi:nil="true"></UTCOffset>
          <UTCConversionTimeZoneCode xsi:nil="true"></UTCConversionTimeZoneCode>
        </Address>
      </Addresses>
    </Publisher>
    <RootComponents>
      <RootComponent type="29" id="{3540e62d-cb36-42bb-9b43-15485bfba57d}" />
      <RootComponent type="29" id="{ab7f62b5-47b0-4c00-9b87-12ac0e340574}" />
      <RootComponent type="29" id="{ad6d14d8-80ce-472d-aa3b-b665d08bcb40}" />
      <RootComponent type="29" id="{eed8ecf6-4d33-40ba-a0b1-45a35882316e}" />
      <RootComponent type="61" schemaName="uds_/MigrationCalculator/logo.png" />
      <RootComponent type="61" schemaName="uds_/MigrationCalculator/MigrationCalculator.css" />
      <RootComponent type="61" schemaName="uds_/MigrationCalculator/MigrationCalculator.html" />
      <RootComponent type="61" schemaName="uds_/MigrationCalculator/MigrationCalculator.js" />
      <RootComponent type="91" schemaName="UDS.MigrationCalculator, Version=1.0.0.0, Culture=neutral, PublicKeyToken=d0316fbad64e73f2" />
      <RootComponent type="92" id="{947e4304-42ec-e911-8154-00155d05fa06}" />
      <RootComponent type="92" id="{b98a63fd-41ec-e911-8154-00155d05fa06}" />
      <RootComponent type="92" id="{be539f0a-42ec-e911-8154-00155d05fa06}" />
      <RootComponent type="92" id="{c77de0f1-86ee-e911-8154-00155d05fa06}" />
    </RootComponents>
    <MissingDependencies />
  </SolutionManifest>
</ImportExportXml>